{
  "mean_": [
    60259.03632776501,
    19980.97694336355,
    58004.53925329039,
    2.968113425925926,
    0.7334375,
    1.0078624871509607,
    0.019293668865570008
  ],
  "scale_": [
    26215.631240865852,
    9188.84441773836,
    28001.525596848678,
    1.9401256178558681,
    0.44216166002246976,
    0.3298955018059731,
    0.22374738585668594
  ],
  "feature_names": [
    "rolling_mean_7d",
    "rolling_std_7d",
    "same_hour_baseline",
    "day_of_week",
    "is_weekday",
    "consumption_ratio",
    "rate_of_change"
  ]
}